service,request_profile,owns,primary_storage,depends_on,must_not_own
Kernel,all,"composition only; plugin constants/version; explicit service registration; activation/deactivation entrypoints",none,WordPress,"business logic; page queries; persistence; provider business operations"
ProductContentService,all,"registration of graha_product plus native product-category and brand taxonomies; canonical product route bases","native WordPress posts/terms/meta",WordPress,"custom CRUD UI; custom tables; migration execution; presentation templates; commerce/orders"
TemplateService,frontend,"semantic shell/header/main/footer; explicit presentation-family composition; one visible breadcrumb renderer; route-driven front-page and singular-Page document resolution; branded graha_product archive/single/category/brand presentation over native WordPress query data; runtime fallback presentation for empty About/Services/Contact/Request Quote Pages",none,"WordPress; ProductContentService; AssetService; NavigationService","Page/product persistence; Reading Settings writes; virtual route engine; global site dataset; product CRUD; taxonomy assignment; SEO metadata/schema; invented route hierarchy"
AssetService,frontend,"single asset registry; centralized neutral/system-safe tokens; conditional shell/navigation/foundation enqueue; canonical Graha wordmark URL; canonical favicon ownership and committed derivative paths",none,WordPress,"compatibility aliases beyond narrow transition needs; queue repair; unrelated feature assets; separate design-system service; creative brand-asset generation"
NavigationService,frontend,"single normalized navigation tree; desktop/mobile shared data; crawlable assigned native menu with deterministic canonical fallback limited to public destinations","native WP menu or code fallback",WordPress,"links to unpublished bootstrap Pages; database menu provisioning for bootstrap; duplicate desktop/mobile persistence; custom route registry; hidden SEO navigation"
SiteLifecycleService,activation-admin,"schema-versioned essential Page provisioning; public-ready Page gate; safe fresh/default front-page assignment; already-active admin upgrade/retry; activation/schema-change rewrite flush","native WordPress Pages + graha_selang_site_schema_version + core front-page options",WordPress; ProductContentService,"auto-publishing or overwriting editor Pages; product migration/CRUD; frontend provisioning; generic installer framework; per-request rewrite flushing"
SeoService,frontend,"technical SEO/GEO integration boundary; provider detection/guards; provider breadcrumb-data integration when configured; documented metadata fallbacks only",none,"WordPress; optional SEO provider; TemplateService","visible breadcrumb renderer; keyword operations; content generation; rank tracking; backlinks; duplicate sitemap/canonical/meta/schema ownership"
FormAdapter,frontend-optional,"configured external form rendering; RFQ context/presentation integration; presentation fallback","small trusted setting only if required","external form plugin","submission; mail; captcha; anti-spam; submission storage unless separately approved by architecture decision"
AdminService,admin,"single Graha admin parent `Graha Selang Content`; native product/category/brand screen links; submenu registration/dispatch; screen-scoped editor/admin enhancements","Settings API + native options/meta",WordPress,"additional Graha root menus; custom product CRUD; global admin menu management; custom admin framework; provider proxy administration"
